{
  "meta": {
    "apartment_map_path": "/Game/SPEAR/Scenes/apartment_0000/Maps/apartment_0000",
    "dump_date_utc": "2026-07-07T13:53:12.828509+00:00",
    "spear_commit": "64176d608cd12d81e147884ef1b99936b1394798",
    "ue_version": "5.5",
    "apartment_mic_origin_cm_at_dump": [
      -120.0,
      80.0,
      120.0
    ],
    "num_actors_seen": 54,
    "num_actors_after_filter": 33,
    "filter_reasons": {
      "z_ceiling": 1,
      "z_floor": 3,
      "name_wall": 5,
      "name_floor": 0,
      "name_ceiling": 0,
      "name_ground": 0,
      "name_door": 2,
      "name_window": 4,
      "name_curtain": 2,
      "name_picture": 3,
      "name_mirror": 1,
      "bbox_too_large": 0,
      "kept": 33
    }
  },
  "furniture": [
    {
      "actor_name": "Meshes/05_chair/LivingRoom_Chair_01:SM_chair_living_2",
      "uclass": "AStaticMeshActor",
      "bbox_min_ue_cm": [
        360.2340132021306,
        401.64673945399454,
        28.280609130859375
      ],
      "bbox_max_ue_cm": [
        487.79378617767094,
        529.2744978749859,
        162.9874267578125
      ],
      "actor_location_ue_cm": [
        424.01389968990077,
        465.4606186644902,
        95.63401794433594
      ],
      "actor_rotation_deg": [
        0.0,
        0.0,
        0.0
      ]
    },
    {
      "actor_name": "Meshes/05_chair/LivingRoom_Chair_02:SM_chair_living_21",
      "uclass": "AStaticMeshActor",
      "bbox_min_ue_cm": [
        0.20001679275665651,
        411.68071563813805,
        28.280609130859375
      ],
      "bbox_max_ue_cm": [
        127.82777526408282,
        539.2404886676436,
        162.9874267578125
      ],
      "actor_location_ue_cm": [
        64.01389602841974,
        475.46060215289083,
        95.63401794433594
      ],
      "actor_rotation_deg": [
        0.0,
        0.0,
        0.0
      ]
    },
    {
      "actor_name": "Meshes/40_otherprop/Vase_03:SM_plant_pot_6",
      "uclass": "AStaticMeshActor",
      "bbox_min_ue_cm": [
        435.6019275305319,
        569.6155252419073,
        25.111781744354545
      ],
      "bbox_max_ue_cm": [
        508.1199998701489,
        642.1335975815243,
        135.55130951978217
      ],
      "actor_location_ue_cm": [
        471.8609637003404,
        605.8745614117158,
        80.33154563206836
      ],
      "actor_rotation_deg": [
        0.0,
        0.0,
        0.0
      ]
    },
    {
      "actor_name": "Meshes/07_table/Side_Table_02:SM_side_table2",
      "uclass": "AStaticMeshActor",
      "bbox_min_ue_cm": [
        452.48953033535645,
        -24.042144575928397,
        26.903342357204252
      ],
      "bbox_max_ue_cm": [
        488.4896329136516,
        23.981956592717417,
        101.96526660263811
      ],
      "actor_location_ue_cm": [
        470.489581624504,
        -0.03009399160549009,
        64.43430447992118
      ],
      "actor_rotation_deg": [
        0.0,
        0.0,
        0.0
      ]
    },
    {
      "actor_name": "Meshes/07_table/Side_Table_01:SM_Side_Table_16",
      "uclass": "AStaticMeshActor",
      "bbox_min_ue_cm": [
        4.838905411841456,
        -24.04212494286353,
        26.903433529368897
      ],
      "bbox_max_ue_cm": [
        40.83900799013654,
        23.981976225782283,
        101.96535777480275
      ],
      "actor_location_ue_cm": [
        22.838956700988998,
        -0.03007435854062379,
        64.43439565208583
      ],
      "actor_rotation_deg": [
        0.0,
        0.0,
        0.0
      ]
    },
    {
      "actor_name": "Meshes/07_table/Round_Table:SM_table_circular_polySurface65_47",
      "uclass": "AStaticMeshActor",
      "bbox_min_ue_cm": [
        -403.1796334991407,
        -481.13190144014783,
        26.932157304668806
      ],
      "bbox_max_ue_cm": [
        -183.33370912169931,
        -261.28597093307116,
        132.48305064587822
      ],
      "actor_location_ue_cm": [
        -293.25667131042,
        -371.2089361866095,
        79.70760397527351
      ],
      "actor_rotation_deg": [
        0.0,
        0.0,
        0.0
      ]
    },
    {
      "actor_name": "Meshes/07_table/LivingRoom_Table:SM_table_sofa_44",
      "uclass": "AStaticMeshActor",
      "bbox_min_ue_cm": [
        145.52106100995002,
        183.42395287829254,
        28.637849608096214
      ],
      "bbox_max_ue_cm": [
        325.22196863066563,
        363.12486049900815,
        64.63784960809622
      ],
      "actor_location_ue_cm": [
        235.37151482030782,
        273.27440668865034,
        46.63784960809622
      ],
      "actor_rotation_deg": [
        0.0,
        0.0,
        0.0
      ]
    },
    {
      "actor_name": "Meshes/40_otherprop/Vase_02:SM_Vase_02_5",
      "uclass": "AStaticMeshActor",
      "bbox_min_ue_cm": [
        -308.35407824963124,
        -386.39453516705976,
        130.99640633929272
      ],
      "bbox_max_ue_cm": [
        -278.07943790592583,
        -356.11989482335434,
        190.81142938922875
      ],
      "actor_location_ue_cm": [
        -293.21675807777854,
        -371.25721499520705,
        160.90391786426073
      ],
      "actor_rotation_deg": [
        0.0,
        0.0,
        0.0
      ]
    },
    {
      "actor_name": "Meshes/40_otherprop/Vase_01:SM_vase_2",
      "uclass": "AStaticMeshActor",
      "bbox_min_ue_cm": [
        -217.47835183816113,
        590.3801034098781,
        107.69518848153302
      ],
      "bbox_max_ue_cm": [
        -160.2708232853189,
        647.5876057366772,
        165.80667491646955
      ],
      "actor_location_ue_cm": [
        -188.87458756174001,
        618.9838545732777,
        136.75093169900128
      ],
      "actor_rotation_deg": [
        0.0,
        0.0,
        0.0
      ]
    },
    {
      "actor_name": "Debug/SM_Prop_04:StaticMeshActor_0",
      "uclass": "AStaticMeshActor",
      "bbox_min_ue_cm": [
        11.197429712918096,
        7.077353236733133,
        102.98688201904297
      ],
      "bbox_max_ue_cm": [
        38.802570287081906,
        32.92264676326687,
        106.4196388244629
      ],
      "actor_location_ue_cm": [
        25,
        20,
        104.70326042175293
      ],
      "actor_rotation_deg": [
        0.0,
        0.0,
        0.0
      ]
    },
    {
      "actor_name": "Meshes/38_otherstructure/Fireplace:StaticMeshActor_13",
      "uclass": "AStaticMeshActor",
      "bbox_min_ue_cm": [
        75.22422959359994,
        601.5478827609746,
        27.001269319509134
      ],
      "bbox_max_ue_cm": [
        358.02194641124686,
        654.6432410687206,
        374.58638284489973
      ],
      "actor_location_ue_cm": [
        216.6230880024234,
        628.0955619148476,
        200.79382608220445
      ],
      "actor_rotation_deg": [
        0.0,
        0.0,
        0.0
      ]
    },
    {
      "actor_name": "Meshes/35_lamp/LivingRoom_Lamp_01:StaticMeshActor_14",
      "uclass": "AStaticMeshActor",
      "bbox_min_ue_cm": [
        7.350681566277693,
        -24.157314880737147,
        100.9104422869438
      ],
      "bbox_max_ue_cm": [
        37.986418031731795,
        6.31060542260758,
        151.31195644087137
      ],
      "actor_location_ue_cm": [
        22.668549799004744,
        -8.923354729064783,
        126.11119936390759
      ],
      "actor_rotation_deg": [
        0.0,
        0.0,
        0.0
      ]
    },
    {
      "actor_name": "Meshes/05_chair/Kitchen_Chair_01:StaticMeshActor_16",
      "uclass": "AStaticMeshActor",
      "bbox_min_ue_cm": [
        -229.44671515345672,
        386.7569077036456,
        27.277902193324003
      ],
      "bbox_max_ue_cm": [
        -181.69768306266124,
        437.0878242991046,
        151.77048141623936
      ],
      "actor_location_ue_cm": [
        -205.57219910805898,
        411.9223660013751,
        89.52419180478168
      ],
      "actor_rotation_deg": [
        0.0,
        0.0,
        0.0
      ]
    },
    {
      "actor_name": "Meshes/05_chair/Kitchen_Chair_02:StaticMeshActor_17",